normalized_tag,count,raw_tags
general,4965,"{""Algorithms"": 3827, ""Fundamentals"": 1326}"
math,4747,"{""Basic Maths"": 520, ""Math"": 348, ""Mathematical"": 588, ""Mathematics"": 4747, ""math"": 2147}"
data_structures,4531,"{""Data Structures"": 2227, ""Data structures"": 4531, ""Data-Structures"": 1, ""data structures"": 1246}"
implementation,2741,"{""Implementation"": 2741, ""implementation"": 2310}"
greedy,2567,"{""Greedy"": 397, ""Greedy algorithms"": 2567, ""greedy"": 2139}"
dynamic_programming,2454,"{""Dynamic Programming"": 606, ""Dynamic programming"": 2454, ""dp"": 1565, ""dynamic-programming"": 22}"
sorting,2172,"{""Sorting"": 2172, ""sorting"": 20, ""sortings"": 809}"
string,2122,"{""String"": 346, ""String algorithms"": 2122, ""Strings"": 775, ""strings"": 600}"
search_bruteforce,1853,"{""Complete search"": 1853, ""brute force"": 1231}"
constructive,1699,"{""Constructive"": 426, ""Constructive algorithms"": 1699, ""constructive"": 2, ""constructive algorithms"": 1258}"
graph,1596,"{""Graph"": 106, ""Graph algorithms"": 1211, ""Graph traversal"": 899, ""dfs and similar"": 667, ""graphs"": 841}"
arrays,1196,"{""Arrays"": 1196}"
number_theory,1106,"{""Number Theory"": 217, ""Number theory"": 1106, ""number theory"": 543, ""number-theory"": 37}"
binary_search,967,"{""Binary Search"": 195, ""binary search"": 766, ""binary-search"": 6}"
tree_algorithms,837,"{""Tree algorithms"": 837}"
bit_manipulation,833,"{""Bit Manipulation"": 198, ""Bit manipulation"": 832, ""bit manipulation"": 1, ""bit-manipulation"": 3}"
ad_hoc,775,"{""Ad-Hoc"": 139, ""Ad-hoc"": 775, ""ad-hoc"": 361}"
combinatorics,753,"{""Combinatorics"": 753, ""combinatorics"": 461}"
trees,635,"{""Trees"": 60, ""trees"": 575}"
amortized_analysis,564,"{""Amortized analysis"": 564}"
geometry,506,"{""Geometry"": 506, ""geometry"": 339}"
two_pointers,464,"{""Two Pointers"": 43, ""Two pointers"": 32, ""two pointers"": 387, ""two-pointers"": 2}"
bitmasks,376,"{""bitmasks"": 376}"
matrices,360,"{""Matrices"": 360, ""matrices"": 93}"
array,327,"{""Array"": 322, ""array"": 5}"
special,310,"{""*special"": 207, ""Special"": 103}"
game_theory,309,"{""Game Theory"": 63, ""Game theory"": 308, ""game theory"": 1, ""game-theory"": 3}"
observation,309,"{""Observation"": 296, ""observation"": 13}"
spanning_trees,308,"{""Spanning trees"": 308}"
range_queries,280,"{""Range Queries"": 12, ""Range queries"": 273}"
probability,261,"{""Probability"": 261, ""probability"": 3}"
basic_programming_concepts,254,"{""Basic Programming Concepts"": 254}"
dsu,249,"{""dsu"": 249}"
divide_and_conquer,242,"{""Divide and Conquer"": 38, ""Divide and conquer"": 242, ""divide and conquer"": 202}"
shortest_paths,225,"{""Shortest Paths"": 10, ""Shortest paths"": 225, ""shortest paths"": 196}"
puzzles,215,"{""Puzzles"": 215}"
games,200,"{""Games"": 45, ""games"": 155}"
hashing,191,"{""Hashing"": 40, ""hashing"": 151}"
tree,182,"{""Tree"": 181, ""tree"": 1}"
brute_force,166,"{""Brute Force"": 157, ""brute-force"": 9}"
probabilities,165,"{""probabilities"": 165}"
matrix,161,"{""Matrix"": 161}"
recursion,161,"{""Recursion"": 159, ""recursion"": 2}"
searching,160,"{""Searching"": 160}"
flows_and_cuts,156,"{""Flows and cuts"": 156}"
modular_arithmetic,145,"{""Modular Arithmetic"": 139, ""modular arithmetic"": 5, ""modular-arithmetic"": 1}"
hash,142,"{""Hash"": 142}"
conditional_statements,141,"{""Conditional Statements"": 141}"
dynamicprogramming,140,"{""DynamicProgramming"": 140}"
dfs,138,"{""DFS"": 138}"
stack,124,"{""Stack"": 120, ""stack"": 4}"
graph_algos,122,"{""Graph Algos"": 122}"
regular_expressions,121,"{""Regular Expressions"": 121}"
bit_magic,119,"{""Bit Magic"": 119}"
interactive,115,"{""interactive"": 115}"
simple_algos,109,"{""Simple Algos"": 109}"
advanced_algorithms,108,"{""Advanced Algorithms"": 108}"
bitwise_operation,108,"{""Bitwise Operation"": 102, ""bitwise-operation"": 6}"
flows,108,"{""flows"": 108}"
prefix_sum,107,"{""Prefix Sum"": 86, ""prefix-sum"": 21}"
hash_table,102,"{""Hash Table"": 102}"
linked_list,94,"{""Linked List"": 94}"
segment_trees_revisited,94,"{""Segment trees revisited"": 94}"
graphs,91,"{""Graphs"": 91}"
bfs,87,"{""BFS"": 80, ""bfs"": 7}"
basicprogramming,85,"{""BasicProgramming"": 85}"
case_work,83,"{""Case work"": 83}"
traversals,82,"{""Traversals"": 82}"
datastructures,81,"{""DataStructures"": 81}"
polynomials_and_generating_functions,81,"{""Polynomials and generating functions"": 81}"
advanced_data_structures,80,"{""Advanced Data Structures"": 80}"
lists,80,"{""Lists"": 80}"
algorithms_dynamic_programming,79,"{""Algorithms - Dynamic Programming"": 79}"
arithmetic,79,"{""Arithmetic"": 79}"
fft,75,"{""FFT"": 10, ""fft"": 65}"
backtracking,74,"{""Backtracking"": 66, ""backtracking"": 8}"
string_suffix_structures,71,"{""string suffix structures"": 71}"
1d_arrays,70,"{""1D Arrays"": 70}"
gcd,70,"{""GCD"": 69, ""gcd"": 1}"
mathematics_number_theory,70,"{""Mathematics - Number Theory"": 70}"
sliding_window,70,"{""Sliding Window"": 38, ""sliding-window"": 32}"
logic,63,"{""Logic"": 63}"
graph_matchings,62,"{""graph matchings"": 62}"
algorithms_implementation,61,"{""Algorithms - Implementation"": 61}"
binary_search_tree,59,"{""Binary Search Tree"": 59}"
advanced_tree_structures,56,"{""Advanced Tree Structures"": 56}"
easy,55,"{""easy"": 55}"
integer_factorisation,54,"{""Integer Factorisation"": 54}"
algorithms_graph_theory,52,"{""Algorithms - Graph Theory"": 52}"
frequency_arrays,52,"{""Frequency Arrays"": 52}"
prime_number,52,"{""Prime Number"": 52}"
segment_trees,51,"{""Segment Trees"": 51}"
mathematics_combinatorics,50,"{""Mathematics - Combinatorics"": 50}"
maths,49,"{""maths"": 49}"
performance,49,"{""Performance"": 49}"
loops,48,"{""Loops"": 48}"
numbertheory,48,"{""NumberTheory"": 48}"
graphtheory,47,"{""GraphTheory"": 47}"
map,47,"{""Map"": 29, ""map"": 18}"
ternary_search,47,"{""Ternary Search"": 2, ""ternary search"": 45}"
numbers,46,"{""Numbers"": 46}"
queue,46,"{""Queue"": 42, ""queue"": 4}"
sets,46,"{""Sets"": 46}"
sieve,45,"{""Sieve"": 15, ""sieve"": 30}"
algorithms_strings,43,"{""Algorithms - Strings"": 43}"
data_structures_advanced,42,"{""Data Structures - Advanced"": 42}"
meet_in_the_middle,40,"{""Meet in the middle"": 4, ""meet-in-the-middle"": 36}"
divisors,39,"{""Divisors"": 38, ""divisors"": 1}"
queues,39,"{""Queues"": 39}"
two_pointer_algorithm,39,"{""two-pointer-algorithm"": 39}"
algebra,38,"{""Algebra"": 38}"
ascii_art,38,"{""ASCII Art"": 38}"
binary,38,"{""Binary"": 38}"
stl,38,"{""STL"": 38}"
binarysearch,37,"{""BinarySearch"": 37}"
maps,37,"{""Maps"": 37}"
heap,36,"{""Heap"": 35, ""heap"": 1}"
sieve_of_eratosthenes,35,"{""Sieve of Eratosthenes"": 35}"
queries,34,"{""Queries"": 34}"
dp_approach,33,"{""DP Approach"": 33}"
expression_parsing,33,"{""expression parsing"": 33}"
mathematics_algebra,33,"{""Mathematics - Algebra"": 33}"
mathematics_fundamentals,32,"{""Mathematics - Fundamentals"": 32}"
series,31,"{""series"": 31}"
algorithms_game_theory,30,"{""Algorithms - Game Theory"": 30}"
counting,30,"{""Counting"": 28, ""counting"": 2}"
dp_greedy,30,"{""dp & greedy"": 30}"
misc,30,"{""Misc"": 30}"
2d_arrays,29,"{""2D Arrays"": 29}"
expected_value,29,"{""Expected Value"": 28, ""expected-value"": 1}"
mathematics_geometry,29,"{""Mathematics - Geometry"": 29}"
modular_exponentiation,29,"{""Modular Exponentiation"": 29}"
trie,29,"{""Trie"": 29}"
advanced_data_structure,28,"{""Advanced Data Structure"": 28}"
easy_medium,28,"{""easy-medium"": 28}"
advanced_dp,27,"{""Advanced DP"": 27}"
breadth_first_search,27,"{""Breadth-First Search"": 27}"
palindrome,27,"{""palindrome"": 27}"
algorithms_bit_manipulation,26,"{""Algorithms - Bit Manipulation"": 26}"
cakewalk,26,"{""cakewalk"": 26}"
debugging,26,"{""Debugging"": 26}"
preprocessing,26,"{""Preprocessing"": 26}"
priority_queue,26,"{""Priority Queue"": 19, ""Priority-Queue"": 1, ""priority-queue"": 6}"
stringalgorithms,26,"{""StringAlgorithms"": 26}"
algorithms_search,25,"{""Algorithms - Search"": 25}"
bitmask,25,"{""Bitmask"": 25}"
memoization,25,"{""Memoization"": 25}"
strong_connectivity,25,"{""Strong connectivity"": 25}"
algorithms_greedy,24,"{""Algorithms - Greedy"": 24}"
pre_processing,24,"{""Pre processing"": 24}"
prime_divisors,24,"{""Prime Divisors"": 24}"
simulation,24,"{""Simulation"": 23, ""simulation"": 1}"
combinatorial,23,"{""Combinatorial"": 23}"
sequences_and_progression,23,"{""Sequences and Progression"": 23}"
set_theory,23,"{""Set Theory"": 23}"
2_sat,22,"{""2 SAT"": 2, ""2-sat"": 20}"
advanced_graph_algos,22,"{""Advanced Graph Algos"": 22}"
bruteforce,22,"{""BruteForce"": 22}"
hashmaps,22,"{""Hashmaps"": 22}"
simple,22,"{""simple"": 22}"
stacks,22,"{""Stacks"": 22}"
cryptography,21,"{""Cryptography"": 21}"
date_time,21,"{""Date Time"": 20, ""Date-Time"": 1}"
groupings,21,"{""Groupings"": 21}"
mathematics_probability,21,"{""Mathematics - Probability"": 21}"
segmenttrees,21,"{""SegmentTrees"": 21}"
tree_queries,21,"{""Tree queries"": 21}"
bottom_up,20,"{""Bottom-up"": 20}"
fenwick_trees,20,"{""Fenwick Trees"": 20}"
heap_priority_queue,20,"{""Heap (Priority Queue)"": 20}"
integer_division,20,"{""Integer Division"": 20}"
parsing,20,"{""Parsing"": 20}"
challenge_problem,19,"{""Challenge Problem"": 19}"
cpp,19,"{""CPP"": 19}"
depth_first_search,19,"{""Depth-First Search"": 18, ""depth-first-search"": 1}"
monotonic_stack,19,"{""Monotonic Stack"": 15, ""Monotonic stack"": 4}"
permutation,19,"{""permutation"": 19}"
square_root_algorithms,19,"{""Square root algorithms"": 19}"
bitmasking,18,"{""Bitmasking"": 18}"
fibonacci,18,"{""Fibonacci"": 18}"
geometric,18,"{""Geometric"": 18}"
pattern_printing,18,"{""pattern-printing"": 18}"
permutations,18,"{""Permutations"": 18}"
permutations_combinations,18,"{""Permutations & Combinations"": 18}"
cg,17,"{""cg"": 17}"
chinese_remainder_theorem,17,"{""Chinese Remainder Theorem"": 2, ""chinese remainder theorem"": 14, ""chinese-remainder-theorem"": 1}"
computational_geometry,17,"{""Computational Geometry"": 17}"
logical_thinking,17,"{""logical-thinking"": 17}"
python_regex_and_parsing,17,"{""Python - Regex and Parsing"": 17}"
sweep_line_algorithms,17,"{""Sweep line algorithms"": 17}"
bitmanipulation,16,"{""Bitmanipulation"": 16}"
bits,16,"{""Bits"": 16}"
ciphers,16,"{""Ciphers"": 16}"
inbuilt_functions,16,"{""Inbuilt functions"": 16}"
set,16,"{""Set"": 1, ""set"": 15}"
directed_graphs,15,"{""Directed Graphs"": 6, ""Directed graphs"": 15}"
factorial,15,"{""factorial"": 15}"
lcm,15,"{""LCM"": 15}"
segment_tree,15,"{""Segment Tree"": 2, ""Segment-Tree"": 11, ""segment-tree"": 2}"
string_matching,15,"{""String Matching"": 15}"
union_find,15,"{""Union Find"": 10, ""union-find"": 5}"
algorithms_sorting,14,"{""Algorithms - Sorting"": 14}"
bit,14,"{""BIT"": 14}"
java,14,"{""Java"": 14}"
multiset,14,"{""Multiset"": 14}"
binary_representation,13,"{""Binary Representation"": 13}"
chess,13,"{""Chess"": 12, ""chess"": 1}"
matrixexponentiation,13,"{""MatrixExponentiation"": 13}"
number_system,13,"{""Number System"": 13}"
python_sets,13,"{""Python - Sets"": 13}"
python_strings,13,"{""Python - Strings"": 13}"
shortest_path,13,"{""Shortest Path"": 9, ""Shortest-path"": 4}"
suffix_sum,13,"{""Suffix Sum"": 13}"
taran_1407,13,"{""taran_1407"": 13}"
traversal,13,"{""Traversal"": 13}"
utkarsh_adm,13,"{""utkarsh_adm"": 13}"
binary_search_on_answer,12,"{""Binary Search on Answer"": 12}"
disjoint_set_union,12,"{""Disjoint Set Union"": 12}"
divisibility,12,"{""Divisibility"": 12}"
exponentiation,12,"{""Exponentiation"": 12}"
gametheory,12,"{""GameTheory"": 12}"
modulo_multiplicative_inverse,12,"{""Modulo Multiplicative Inverse"": 12}"
online_queries,12,"{""Online Queries"": 12}"
polygons,12,"{""Polygons"": 12}"
primes,12,"{""Primes"": 9, ""primes"": 3}"
python_numpy,12,"{""Python - Numpy"": 12}"
subsequence,12,"{""Subsequence"": 11, ""subsequence"": 1}"
ap,11,"{""AP"": 11}"
arbitrary_precision,11,"{""Arbitrary Precision"": 11}"
deque,11,"{""Deque"": 11}"
design_pattern,11,"{""Design-Pattern"": 11}"
dp_bitmask,11,"{""DP Bitmask"": 11}"
inclusion_exclusion_principle,11,"{""Inclusion Exclusion Principle"": 11}"
square_root_decomposition,11,"{""Square Root Decomposition"": 11}"
algorithms_recursion,10,"{""Algorithms - Recursion"": 10}"
binary_exponentiation,10,"{""Binary Exponentiation"": 10}"
binary_tree,10,"{""Binary Tree"": 10}"
cartesian_coordinate_system,10,"{""Cartesian Coordinate System"": 10}"
disjointset,10,"{""DisjointSet"": 10}"
linear_algebra,10,"{""Linear Algebra"": 10}"
lowest_common_ancestor,10,"{""Lowest Common Ancestor"": 10}"
transformations,10,"{""Transformations"": 10}"
tries,10,"{""Tries"": 10}"
algorithms_warmup,9,"{""Algorithms - Warmup"": 9}"
data_structures_stacks,9,"{""Data Structures - Stacks"": 9}"
dijkstra,9,"{""Dijkstra"": 4, ""dijkstra"": 5}"
game,9,"{""game"": 9}"
matrix_exponentiation,9,"{""Matrix Exponentiation"": 8, ""matrix-exponentiation"": 1}"
pattern_searching,9,"{""Pattern Searching"": 9}"
pigeonhole_principle,9,"{""Pigeonhole Principle"": 9}"
security,9,"{""Security"": 9}"
sssp,9,"{""sssp"": 9}"
start37,9,"{""start37"": 9}"
statistics,9,"{""Statistics"": 9}"
tree_algos,9,"{""Tree Algos"": 9}"
algorithms_constructive_algorithms,8,"{""Algorithms - Constructive Algorithms"": 8}"
big_integer,8,"{""Big Integer"": 7, ""big-integer"": 1}"
connected_components,8,"{""Connected Components"": 8}"
cook141,8,"{""cook141"": 8}"
data_science,8,"{""Data Science"": 8}"
dijkstra_s_algorithm,8,"{""Dijkstra's Algorithm"": 8}"
division,8,"{""Division"": 8}"
enumeration,8,"{""Enumeration"": 8}"
esoteric_languages,8,"{""Esoteric Languages"": 8}"
heaps,8,"{""Heaps"": 8}"
interpreters,8,"{""Interpreters"": 8}"
jeevanjyot,8,"{""jeevanjyot"": 8}"
knapsack,8,"{""Knapsack"": 5, ""knapsack"": 3}"
matrix_multiplication,8,"{""Matrix Multiplication"": 8}"
merge_sort,8,"{""Merge Sort"": 8}"
minimum_spanning_trees,8,"{""Minimum Spanning Trees"": 8}"
minimumspanningtree,8,"{""MinimumSpanningTree"": 8}"
offline_queries,8,"{""Offline Queries"": 8}"
physics,8,"{""Physics"": 8}"
polynomial,8,"{""Polynomial"": 6, ""polynomial"": 2}"
primefactorization,8,"{""PrimeFactorization"": 8}"
python_collections,8,"{""Python - Collections"": 8}"
refactoring,8,"{""Refactoring"": 8}"
sprague_grundy_theorem,8,"{""Sprague Grundy Theorem"": 8}"
tree_data_structure,8,"{""Tree Data Structure"": 8}"
vishesh_s,8,"{""vishesh_s"": 8}"
convex_hull,7,"{""Convex Hull"": 6, ""convex-hull"": 1}"
cycles,7,"{""Cycles"": 7}"
data_types,7,"{""Data Types"": 7}"
difference_arrays,7,"{""Difference Arrays"": 7}"
doubly_linked_list,7,"{""doubly-linked-list"": 7}"
dp_on_sequences,7,"{""DP on sequences"": 7}"
dp_on_trees,7,"{""DP on Trees"": 7}"
exun2021,7,"{""exun2021"": 7}"
factorials,7,"{""Factorials"": 7}"
gp,7,"{""GP"": 7}"
hash_function,7,"{""Hash Function"": 7}"
kingofnumbers,7,"{""kingofnumbers"": 7}"
kmp_algorithm,7,"{""KMP Algorithm"": 7}"
operators,7,"{""Operators"": 7}"
python_itertools,7,"{""Python - Itertools"": 7}"
python_math,7,"{""Python - Math"": 7}"
restricted,7,"{""Restricted"": 7}"
rolling_hash,7,"{""Rolling Hash"": 7}"
schedules,7,"{""schedules"": 7}"
simple_math,7,"{""Simple-math"": 7}"
start36,7,"{""start36"": 7}"
admin2,6,"{""admin2"": 6}"
bipartite_graphs,6,"{""Bipartite Graphs"": 6}"
circular_linked_list,6,"{""circular linked list"": 2, ""circular-linked-list"": 6}"
coloring,6,"{""Coloring"": 6}"
cook137,6,"{""cook137"": 6}"
digit_dp,6,"{""Digit DP"": 5, ""digit-dp"": 1}"
euclid_s_algorithm,6,"{""Euclid's Algorithm"": 6}"
factorization,6,"{""Factorization"": 3, ""factorization"": 3}"
fenwicktree,6,"{""FenwickTree"": 6}"
fermat_s_little_theorem,6,"{""Fermat's Little Theorem"": 6}"
filtering,6,"{""Filtering"": 6}"
flow,6,"{""Flow"": 2, ""flow"": 4}"
flow_networks,6,"{""Flow Networks"": 6}"
functional_programming,6,"{""Functional Programming"": 6}"
likecs,6,"{""likecs"": 6}"
medium,6,"{""medium"": 6}"
modularexponentiation,6,"{""Modularexponentiation"": 6}"
priorityqueue,6,"{""PriorityQueue"": 6}"
python_built_ins,6,"{""Python - Built-Ins"": 6}"
python_introduction,6,"{""Python - Introduction"": 6}"
segmented_sieve,6,"{""Segmented Sieve"": 6}"
subarray,6,"{""Subarray"": 6}"
subset,6,"{""subset"": 6}"
time,6,"{""time"": 6}"
top_down,6,"{""Top-down"": 6}"
tutorials,6,"{""Tutorials"": 6}"
veryeasy,6,"{""VeryEasy"": 6}"
2d_array,5,"{""2d array"": 5}"
binary_lifting,5,"{""Binary lifting"": 4, ""binary-lifting"": 1}"
bipartite,5,"{""Bipartite"": 3, ""bipartite"": 2}"
contribution_trick,5,"{""Contribution Trick"": 5}"
cook_off,5,"{""cook-off"": 5}"
dag_algos,5,"{""DAG Algos"": 5}"
data_structures_arrays,5,"{""Data Structures - Arrays"": 5}"
data_structures_queues,5,"{""Data Structures - Queues"": 5}"
data_structures_trees,5,"{""Data Structures - Trees"": 5}"
euler_totient_function,5,"{""Euler Totient Function"": 4, ""euler-totient-function"": 1}"
kadane_algorithm,5,"{""Kadane Algorithm"": 5}"
logarithm,5,"{""Logarithm"": 5}"
longest_increasing_subsequence,5,"{""Longest Increasing Subsequence"": 5}"
modulararithmetic,5,"{""Modulararithmetic"": 5}"
nim_game,5,"{""nim game"": 5}"
optimization_problems,5,"{""Optimization Problems"": 5}"
ordered_set,5,"{""Ordered Set"": 5}"
patterns,5,"{""Patterns"": 5}"
primality_checking,5,"{""Primality Checking"": 5}"
python_basic_data_types,5,"{""Python - Basic Data Types"": 5}"
regular_expression,5,"{""Regular Expression"": 5}"
sqrt_decomposition,5,"{""Sqrt Decomposition"": 2, ""Sqrt-Decomposition"": 3}"
start22,5,"{""start22"": 5}"
trigonometry,5,"{""Trigonometry"": 5}"
z_algorithm,5,"{""Z Algorithm"": 2, ""Z-algorithm"": 3}"
binarysearchtree,4,"{""BinarySearchTree"": 4}"
binomial_theorem,4,"{""Binomial Theorem"": 4}"
brainteaser,4,"{""Brainteaser"": 4}"
calculus,4,"{""Calculus"": 4}"
cook143,4,"{""cook143"": 4}"
coordinate_compression,4,"{""Coordinate Compression"": 3, ""coordinate-compression"": 1}"
data_structures_heap,4,"{""Data Structures - Heap"": 4}"
disjoint_set,4,"{""Disjoint Set"": 4}"
hard,4,"{""hard"": 4}"
hashmap,4,"{""HashMap"": 4}"
inequalities,4,"{""Inequalities"": 4}"
jan221,4,"{""jan221"": 4}"
jan222,4,"{""jan222"": 4}"
lazy_propagation,4,"{""Lazy Propagation"": 4}"
lucas_theorem,4,"{""Lucas Theorem"": 4}"
monotonic_queue,4,"{""Monotonic Queue"": 4}"
networks,4,"{""Networks"": 4}"
optimization,4,"{""optimization"": 4}"
persistent_segment_trees,4,"{""Persistent Segment Trees"": 4}"
persistent_structures,4,"{""Persistent Structures"": 4}"
probability_and_statistics,4,"{""Probability and Statistics"": 4}"
properties,4,"{""properties"": 4}"
recurrence_relation,4,"{""Recurrence Relation"": 4}"
sparse_table,4,"{""Sparse Table"": 4}"
start45,4,"{""start45"": 4}"
start50,4,"{""start50"": 4}"
string_algos,4,"{""String Algos"": 4}"
topological_sorting,4,"{""Topological Sorting"": 4}"
trygub_adm,4,"{""trygub_adm"": 4}"
0_1_knapsack,3,"{""0-1 Knapsack"": 3}"
algorithms_debugging,3,"{""Algorithms - Debugging"": 3}"
anil_adm,3,"{""anil_adm"": 3}"
aryanag_adm,3,"{""aryanag_adm"": 3}"
berezin,3,"{""berezin"": 3}"
binary_indexed_tree,3,"{""Binary Indexed Tree"": 3}"
bst,3,"{""bst"": 3}"
bucket_sort,3,"{""Bucket Sort"": 3}"
complete_search,3,"{""Complete Search"": 3}"
constructive_algo,3,"{""constructive algo"": 3}"
cook14,3,"{""cook14"": 3}"
daanish_adm,3,"{""daanish_adm"": 3}"
dag,3,"{""dag"": 3}"
darkshadows,3,"{""darkshadows"": 3}"
data_structures_disjoint_set,3,"{""Data Structures - Disjoint Set"": 3}"
david_adm,3,"{""david_adm"": 3}"
deadwing97,3,"{""deadwing97"": 3}"
dfs_order,3,"{""DFS Order"": 3}"
euler_tour,3,"{""Euler Tour"": 3}"
expectation,3,"{""Expectation"": 3}"
fibonacci_series,3,"{""Fibonacci Series"": 3}"
fractions,3,"{""Fractions"": 3}"
gaussian_elimination,3,"{""Gaussian Elimination"": 3}"
greatest_common_divisor,3,"{""greatest-common-divisor"": 3}"
gvaibhav21,3,"{""gvaibhav21"": 3}"
hld,3,"{""HLD"": 3}"
icl2018,3,"{""icl2018"": 3}"
inso2018,3,"{""inso2018"": 3}"
insomnia18,3,"{""insomnia18"": 3}"
kadane,3,"{""Kadane"": 3}"
kmaaszraa,3,"{""kmaaszraa"": 3}"
kmp,3,"{""KMP"": 3}"
lavish_adm,3,"{""lavish_adm"": 3}"
lexicographic_order,3,"{""Lexicographic Order"": 3}"
log_exp_pow,3,"{""log/exp/pow"": 3}"
machine_learning,3,"{""Machine Learning"": 3}"
manachers_algorithm,3,"{""Manachers Algorithm"": 3}"
matching,3,"{""Matching"": 3}"
maximum_bipartite_matching,3,"{""Maximum Bipartite Matching"": 3}"
modulo,3,"{""modulo"": 3}"
mst,3,"{""mst"": 3}"
randomized_algorithms,3,"{""Randomized Algorithms"": 3}"
range_minimum_queries,3,"{""Range Minimum Queries"": 3}"
real_life,3,"{""real life"": 3}"
sept15,3,"{""sept15"": 3}"
soumyadeep_21,3,"{""soumyadeep_21"": 3}"
sqrt_n_primality_check,3,"{""Sqrt N Primality Check"": 3}"
state_machines,3,"{""State Machines"": 3}"
strongly_connected_components,3,"{""Strongly Connected Components"": 3}"
substring,3,"{""Substring"": 3}"
sweep_line_algorithm,3,"{""Sweep line Algorithm"": 3}"
tejas_adm,3,"{""tejas_adm"": 3}"
topological_sort,3,"{""Topological Sort"": 3}"
triangles,3,"{""Triangles"": 3}"
tries_with_xor,3,"{""Tries with XOR"": 3}"
unicode,3,"{""Unicode"": 3}"
zappelectro,3,"{""zappelectro"": 3}"
abhi_inav,2,"{""abhi_inav"": 2}"
activity_selection,2,"{""Activity Selection"": 2}"
admin,2,"{""admin"": 2}"
aho_corasick,2,"{""Aho Corasick"": 2}"
akshatgirdhar8,2,"{""akshatgirdhar8"": 2}"
alei,2,"{""alei"": 2}"
anagram,2,"{""anagram"": 2}"
anton_adm,2,"{""anton_adm"": 2}"
april21,2,"{""april21"": 2}"
aug15,2,"{""aug15"": 2}"
avi224,2,"{""avi224"": 2}"
base,2,"{""base"": 2}"
binary_trees,2,"{""Binary Trees"": 2}"
binarytree,2,"{""BinaryTree"": 2}"
bipartitegraph,2,"{""BipartiteGraph"": 2}"
catalan_numbers,2,"{""Catalan Numbers"": 2}"
cenadar,2,"{""cenadar"": 2}"
challenge,2,"{""Challenge"": 1, ""challenge"": 1}"
chemthan,2,"{""chemthan"": 2}"
convolution,2,"{""Convolution"": 2}"
cook21,2,"{""cook21"": 2}"
counting_sort,2,"{""Counting Sort"": 2}"
coverings,2,"{""Coverings"": 2}"
cpp_strings,2,"{""cpp-strings"": 2}"
csns2021,2,"{""csns2021"": 2}"
cyclic_rotation,2,"{""Cyclic Rotation"": 2}"
data_structures_balanced_trees,2,"{""Data Structures - Balanced Trees"": 2}"
data_structures_trie,2,"{""Data Structures - Trie"": 2}"
dec19,2,"{""dec19"": 2}"
determinant,2,"{""Determinant"": 2}"
dilworth_theorem,2,"{""Dilworth Theorem"": 2}"
directed_acyclic_graphs,2,"{""Directed Acyclic Graphs"": 2}"
discrete_mathematics,2,"{""Discrete Mathematics"": 2}"
disjoint_sets,2,"{""disjoint sets"": 2}"
divideandconquer,2,"{""DivideAndConquer"": 2}"
dsu_on_trees,2,"{""DSU on Trees"": 2}"
error_detection,2,"{""Error Detection"": 2}"
euler_theorem,2,"{""Euler Theorem"": 1, ""euler-theorem"": 1}"
ezio_26,2,"{""ezio_26"": 2}"
floyd_warshall_s_algorithm,2,"{""Floyd Warshall's Algorithm"": 2}"
floydwarshall,2,"{""FloydWarshall"": 2}"
generating_functions,2,"{""Generating Functions"": 2}"
graph_theory,2,"{""Graph Theory"": 2}"
group_theory,2,"{""Group Theory"": 2}"
hamiltonian_cycle,2,"{""Hamiltonian Cycle"": 1, ""hamiltonian-cycle"": 1}"
hamming_distance,2,"{""Hamming Distance"": 2}"
heuristics,2,"{""Heuristics"": 2}"
icl2017,2,"{""icl2017"": 2}"
infy20,2,"{""infy20"": 2}"
inov_adm,2,"{""inov_adm"": 2}"
interpolation,2,"{""Interpolation"": 2}"
iterators,2,"{""Iterators"": 2}"
java_collections,2,"{""Java-Collections"": 2}"
jeevan_adm,2,"{""jeevan_adm"": 2}"
june222,2,"{""june222"": 2}"
kirchhoffs_matrix_tree_theorem,2,"{""Kirchhoffs Matrix Tree Theorem"": 2}"
kostya_by,2,"{""kostya_by"": 2}"
kruskal_s_algorithm,2,"{""Kruskal's Algorithm"": 2}"
lagrange_interpolation,2,"{""Lagrange Interpolation"": 2}"
language_features,2,"{""Language Features"": 2}"
line_sweep,2,"{""Line Sweep"": 1, ""Line-sweep"": 1}"
locapr18,2,"{""locapr18"": 2}"
long_challenge,2,"{""long-challenge"": 2}"
looping,2,"{""looping"": 2}"
ltime74,2,"{""ltime74"": 2}"
mani_adm,2,"{""mani_adm"": 2}"
march19,2,"{""march19"": 2}"
may16,2,"{""may16"": 2}"
medium_hard,2,"{""medium-hard"": 2}"
melfice,2,"{""melfice"": 2}"
mgch,2,"{""mgch"": 2}"
mobius_function,2,"{""Mobius Function"": 2}"
mobius_inversion,2,"{""Mobius Inversion"": 2}"
modular_arith,2,"{""modular-arith"": 2}"
mradul_adm,2,"{""mradul_adm"": 2}"
munch_01,2,"{""munch_01"": 2}"
next_greater_element,2,"{""Next Greater Element"": 2}"
nikhil_adm,2,"{""nikhil_adm"": 2}"
notsoloud,2,"{""notsoloud"": 2}"
numpy,2,"{""NumPy"": 2}"
oct16,2,"{""oct16"": 2}"
omelyanenko,2,"{""omelyanenko"": 2}"
palindromes,2,"{""palindromes"": 2}"
partitions,2,"{""Partitions"": 2}"
paths_and_circuits,2,"{""Paths and circuits"": 2}"
pelt2019,2,"{""pelt2019"": 2}"
primitive_root,2,"{""Primitive Root"": 2}"
python_closures_and_decorators,2,"{""Python - Closures and Decorators"": 2}"
python_date_and_time,2,"{""Python - Date and Time"": 2}"
python_errors_and_exceptions,2,"{""Python - Errors and Exceptions"": 2}"
python_python_functionals,2,"{""Python - Python Functionals"": 2}"
python_xml,2,"{""Python - XML"": 2}"
reachability,2,"{""reachability"": 2}"
rishup_nitdgp,2,"{""rishup_nitdgp"": 2}"
scheduling,2,"{""Scheduling"": 2}"
sept18,2,"{""sept18"": 2}"
sereja_adm,2,"{""sereja_adm"": 2}"
sergey_adm,2,"{""sergey_adm"": 2}"
sos_dp,2,"{""SOS DP"": 2}"
splay_tree,2,"{""Splay Tree"": 2}"
squares,2,"{""Squares"": 2}"
srikkanth_adm,2,"{""srikkanth_adm"": 2}"
start23,2,"{""start23"": 2}"
suffix_tree,2,"{""suffix tree"": 2}"
sylvesters_criterion,2,"{""Sylvesters Criterion"": 1, ""sylvesters-criterion"": 1}"
tmwilliamlin,2,"{""tmwilliamlin"": 2}"
two_pointer,2,"{""Two-pointer"": 2}"
unordered_sets,2,"{""Unordered Sets"": 2}"
varunkhare1234,2,"{""varunkhare1234"": 2}"
vitalij_adm,2,"{""vitalij_adm"": 2}"
watcher,2,"{""watcher"": 2}"
witaliy_adm,2,"{""witaliy_adm"": 2}"
xor,2,"{""xor"": 2}"
0_1_bfs,1,"{""0-1 BFS"": 1}"
3d_arrays,1,"{""3D+ Arrays"": 1}"
aangairbender,1,"{""aangairbender"": 1}"
aashu_k,1,"{""aashu_k"": 1}"
abdullah768,1,"{""abdullah768"": 1}"
adhoc,1,"{""adhoc"": 1}"
aditya10,1,"{""aditya10_"": 1}"
admin3,1,"{""admin3"": 1}"
advanced_greedy,1,"{""Advanced Greedy"": 1}"
akashbhalotia,1,"{""akashbhalotia"": 1}"
alexvaleanu,1,"{""alexvaleanu"": 1}"
algorithms_np_complete,1,"{""Algorithms - NP Complete"": 1}"
all_pairs,1,"{""all pairs"": 1}"
allllekssssa,1,"{""allllekssssa"": 1}"
aloochaat1998,1,"{""aloochaat1998"": 1}"
alphabets,1,"{""alphabets"": 1}"
aman1108,1,"{""aman1108"": 1}"
amitpandeykgp,1,"{""amitpandeykgp"": 1}"
amsgame2,1,"{""amsgame2"": 1}"
anhdq_adm,1,"{""anhdq_adm"": 1}"
anmolrishi,1,"{""anmolrishi"": 1}"
anshg0711,1,"{""anshg0711"": 1}"
antoniuk1,1,"{""antoniuk1"": 1}"
anudeep2011,1,"{""anudeep2011"": 1}"
april11,1,"{""april11"": 1}"
april12,1,"{""april12"": 1}"
april13,1,"{""april13"": 1}"
april16,1,"{""april16"": 1}"
april19,1,"{""april19"": 1}"
arayi,1,"{""arayi"": 1}"
arjunarul_adm,1,"{""arjunarul_adm"": 1}"
arunsharma,1,"{""arunsharma_"": 1}"
aswinashok44,1,"{""aswinashok44"": 1}"
aug20,1,"{""aug20"": 1}"
aug21,1,"{""aug21"": 1}"
auxiliary_tree,1,"{""Auxiliary Tree"": 1}"
avl_tree,1,"{""AVL-Tree"": 1}"
basic,1,"{""basic"": 1}"
basic_programming,1,"{""Basic-Programming"": 1}"
beatty_sequence,1,"{""Beatty sequence"": 1}"
bellmanford,1,"{""BellmanFord"": 1}"
bezout_s_identity,1,"{""Bezout's Identity"": 1}"
bhavyarustgi10,1,"{""bhavyarustgi10"": 1}"
biconnected_components,1,"{""Biconnected Components"": 1}"
bigbag,1,"{""bigbag"": 1}"
binary_search_trees,1,"{""Binary Search Trees"": 1}"
bipin2,1,"{""bipin2"": 1}"
bit22019,1,"{""bit22019"": 1}"
bitwise_and,1,"{""bitwise-and"": 1}"
bitwise_xor,1,"{""bitwise-xor"": 1}"
burnside_lemma,1,"{""Burnside Lemma"": 1}"
bytr2020,1,"{""bytr2020"": 1}"
carmichael_function,1,"{""carmichael-function"": 1}"
cauchy_schwarz_inequality,1,"{""Cauchy Schwarz Inequality"": 1}"
ccrc2021,1,"{""ccrc2021"": 1}"
chigu,1,"{""chigu"": 1}"
completed,1,"{""Completed"": 1}"
connectivity,1,"{""Connectivity"": 1}"
cook06,1,"{""cook06"": 1}"
cook08,1,"{""cook08"": 1}"
cook10,1,"{""cook10"": 1}"
cook100,1,"{""cook100"": 1}"
cook101,1,"{""cook101"": 1}"
cook103,1,"{""cook103"": 1}"
cook108,1,"{""cook108"": 1}"
cook111,1,"{""cook111"": 1}"
cook113,1,"{""cook113"": 1}"
cook116,1,"{""cook116"": 1}"
cook118,1,"{""cook118"": 1}"
cook130,1,"{""cook130"": 1}"
cook132,1,"{""cook132"": 1}"
cook20,1,"{""cook20"": 1}"
cook38,1,"{""cook38"": 1}"
cook42,1,"{""cook42"": 1}"
cook45,1,"{""cook45"": 1}"
cook46,1,"{""cook46"": 1}"
cook47,1,"{""cook47"": 1}"
cook70,1,"{""cook70"": 1}"
cook75,1,"{""cook75"": 1}"
cook82,1,"{""cook82"": 1}"
cook90,1,"{""cook90"": 1}"
cook94,1,"{""cook94"": 1}"
cook98,1,"{""cook98"": 1}"
cpp_control_flow,1,"{""CPP-Control-Flow"": 1}"
cross_product,1,"{""Cross Product"": 1}"
cut,1,"{""cut"": 1}"
cycle,1,"{""cycle"": 1}"
cycle_graph,1,"{""cycle_graph"": 1}"
daniel_1999,1,"{""daniel_1999"": 1}"
data_structure,1,"{""data-structure"": 1}"
dazlersan1,1,"{""dazlersan1"": 1}"
derangements,1,"{""Derangements"": 1}"
difference_array,1,"{""difference-array"": 1}"
differentiation,1,"{""Differentiation"": 1}"
directed_graph,1,"{""directed-graph"": 1}"
dirichlet_convolution,1,"{""Dirichlet Convolution"": 1}"
discrete_logarithm,1,"{""Discrete Logarithm"": 1}"
discrete_maths,1,"{""Discrete Maths"": 1}"
distribution,1,"{""Distribution"": 1}"
dolabmoon,1,"{""dolabmoon"": 1}"
drswad,1,"{""drswad"": 1}"
erfaniaa,1,"{""erfaniaa"": 1}"
eulerian_tour,1,"{""eulerian-tour"": 1}"
extendedeuclid,1,"{""ExtendedEuclid"": 1}"
fairy_winx,1,"{""fairy_winx"": 1}"
fast_fourier_transform,1,"{""fast-fourier-transform"": 1}"
feb12,1,"{""feb12"": 1}"
feb13,1,"{""feb13"": 1}"
feb20,1,"{""feb20"": 1}"
fenwick_tree,1,"{""fenwick-tree"": 1}"
flood_fill,1,"{""Flood Fill"": 1}"
floyd_warshall,1,"{""floyd-warshall"": 1}"
ford_fulkerson_algorithm,1,"{""Ford-Fulkerson Algorithm"": 1}"
formal_language,1,"{""Formal Language"": 1}"
foyaz05,1,"{""foyaz05"": 1}"
functional_equations,1,"{""Functional Equations"": 1}"
functions,1,"{""Functions"": 1}"
furko_adm,1,"{""furko_adm"": 1}"
garners_algorithm,1,"{""garners-algorithm"": 1}"
gomory_hu_tree,1,"{""Gomory-Hu Tree"": 1}"
graph_isomorphism_problem,1,"{""Graph Isomorphism Problem"": 1}"
gray_code,1,"{""Gray code"": 1}"
grid,1,"{""grid"": 1}"
grundy_numbers,1,"{""grundy-numbers"": 1}"
hackcyborg,1,"{""hackcyborg"": 1}"
hackenbush,1,"{""Hackenbush"": 1}"
hackslash_123,1,"{""hackslash_123"": 1}"
hadamard_matrix,1,"{""hadamard-matrix"": 1}"
harshil21,1,"{""harshil21"": 1}"
heavylightdecomposition,1,"{""Heavylightdecomposition"": 1}"
hemanthram,1,"{""hemanthram"": 1}"
hiroto_adm,1,"{""hiroto_adm"": 1}"
hloya_ygrt,1,"{""hloya_ygrt"": 1}"
hopcroft_karp_algorithm,1,"{""Hopcroft Karp Algorithm"": 1}"
image_processing,1,"{""Image Processing"": 1}"
impartial_game,1,"{""Impartial Game"": 1}"
integration,1,"{""Integration"": 1}"
inversions,1,"{""inversions"": 1}"
isha_adm,1,"{""isha_adm"": 1}"
ivanz_adm,1,"{""ivanz_adm"": 1}"
izaron,1,"{""izaron"": 1}"
jan15,1,"{""jan15"": 1}"
jan16,1,"{""jan16"": 1}"
jan21,1,"{""jan21"": 1}"
jnarutoj,1,"{""jnarutoj"": 1}"
json,1,"{""JSON"": 1}"
july12,1,"{""july12"": 1}"
july13,1,"{""july13"": 1}"
july16,1,"{""july16"": 1}"
july17,1,"{""july17"": 1}"
july19,1,"{""july19"": 1}"
june12,1,"{""june12"": 1}"
june13,1,"{""june13"": 1}"
june14,1,"{""june14"": 1}"
june15,1,"{""june15"": 1}"
june17,1,"{""june17"": 1}"
june18,1,"{""june18"": 1}"
kalpitk,1,"{""kalpitk"": 1}"
katana_handler,1,"{""katana_handler"": 1}"
khad_adm,1,"{""khad_adm"": 1}"
kruskal,1,"{""Kruskal"": 1}"
kuhn,1,"{""kuhn"": 1}"
kushalgoel,1,"{""kushalgoel"": 1}"
lavish315,1,"{""lavish315"": 1}"
lcs,1,"{""LCS"": 1}"
linear_programming,1,"{""Linear Programming"": 1}"
lines,1,"{""Lines"": 1}"
linked_lists,1,"{""Linked Lists"": 1}"
logic_maths,1,"{""logic-maths"": 1}"
logical,1,"{""logical"": 1}"
logicalthinking,1,"{""logicalthinking"": 1}"
longest_common_substring,1,"{""Longest Common Substring"": 1}"
longest_inc_subsequence,1,"{""longest-inc-subsequence"": 1}"
ltime101,1,"{""ltime101"": 1}"
ltime112,1,"{""ltime112"": 1}"
ltime16,1,"{""ltime16"": 1}"
ltime27,1,"{""ltime27"": 1}"
ltime28,1,"{""ltime28"": 1}"
ltime32,1,"{""ltime32"": 1}"
ltime38,1,"{""ltime38"": 1}"
ltime51,1,"{""ltime51"": 1}"
ltime53,1,"{""ltime53"": 1}"
ltime63,1,"{""ltime63"": 1}"
ltime64,1,"{""ltime64"": 1}"
ltime65,1,"{""ltime65"": 1}"
ltime66,1,"{""ltime66"": 1}"
ltime68,1,"{""ltime68"": 1}"
ltime70,1,"{""ltime70"": 1}"
ltime71,1,"{""ltime71"": 1}"
ltime73,1,"{""ltime73"": 1}"
ltime75,1,"{""ltime75"": 1}"
ltime78,1,"{""ltime78"": 1}"
ltime98,1,"{""ltime98"": 1}"
ltime99,1,"{""ltime99"": 1}"
m0stik,1,"{""m0stik"": 1}"
ma5termind,1,"{""ma5termind"": 1}"
madhav_1999,1,"{""madhav_1999"": 1}"
mamedov,1,"{""mamedov"": 1}"
march12,1,"{""march12"": 1}"
march16,1,"{""march16"": 1}"
march21,1,"{""march21"": 1}"
matrix_pow,1,"{""matrix pow"": 1}"
maximum_flow,1,"{""Maximum Flow"": 1}"
may12,1,"{""may12"": 1}"
may13,1,"{""may13"": 1}"
may15,1,"{""may15"": 1}"
may18,1,"{""may18"": 1}"
may20,1,"{""may20"": 1}"
mazihang2022,1,"{""mazihang2022"": 1}"
meet_in_middle,1,"{""meet-in-middle"": 1}"
mexomerf,1,"{""mexomerf"": 1}"
min_cut_max_flow,1,"{""Min Cut Max flow"": 1}"
minimum_cut,1,"{""minimum-cut"": 1}"
mo_s_algorithm,1,"{""Mo's Algorithm"": 1}"
monthly_contest,1,"{""Monthly-Contest"": 1}"
mrkerim,1,"{""mrkerim"": 1}"
multi_source_bfs,1,"{""Multi source BFS"": 1}"
nots0fast,1,"{""nots0fast"": 1}"
nov18,1,"{""nov18"": 1}"
nov19,1,"{""nov19"": 1}"
ntt,1,"{""NTT"": 1}"
number_theoretic_transfmtn,1,"{""number-theoretic-transfmtn"": 1}"
object_oriented_programming,1,"{""Object-oriented Programming"": 1}"
oct13,1,"{""oct13"": 1}"
oct15,1,"{""oct15"": 1}"
oct17,1,"{""oct17"": 1}"
oct18,1,"{""oct18"": 1}"
ojasbansal,1,"{""ojasbansal"": 1}"
oop,1,"{""OOP"": 1}"
paley_construction,1,"{""paley-construction"": 1}"
panik,1,"{""panik"": 1}"
pattern,1,"{""pattern"": 1}"
pavel1996,1,"{""pavel1996"": 1}"
permutation_cycles,1,"{""Permutation Cycles"": 1}"
planar_graph,1,"{""Planar Graph"": 1}"
pointers,1,"{""Pointers"": 1}"
policy_based_data_structures,1,"{""Policy Based Data Structures"": 1}"
poly_divisible_numbers,1,"{""Poly Divisible Numbers"": 1}"
prakhar17252,1,"{""prakhar17252"": 1}"
prasant21,1,"{""prasant21"": 1}"
prateekg603,1,"{""prateekg603"": 1}"
pre_computation,1,"{""pre-computation"": 1}"
precomputation,1,"{""Precomputation"": 1}"
present_sir,1,"{""present_sir"": 1}"
prim_s_algorithm,1,"{""Prim's Algorithm"": 1}"
printing_patterns,1,"{""Printing Patterns"": 1}"
priyanshi,1,"{""priyanshi_"": 1}"
prnjl_rai,1,"{""prnjl_rai"": 1}"
proconjunior,1,"{""proconjunior"": 1}"
proof,1,"{""proof"": 1}"
pruning,1,"{""pruning"": 1}"
python_classes,1,"{""Python - Classes"": 1}"
quadratic_residue,1,"{""Quadratic Residue"": 1}"
quantifiers,1,"{""Quantifiers"": 1}"
quickselect,1,"{""Quickselect"": 1}"
rabin_karp_algorithm,1,"{""Rabin Karp Algorithm"": 1}"
rabin_miller_test,1,"{""Rabin Miller Test"": 1}"
radix_sort,1,"{""Radix Sort"": 1}"
rag_hav13,1,"{""rag_hav13"": 1}"
rajat1603,1,"{""rajat1603"": 1}"
range_sum,1,"{""range sum"": 1}"
range_sum_queries,1,"{""Range Sum Queries"": 1}"
ratingoverflow,1,"{""ratingoverflow"": 1}"
reverse,1,"{""Reverse"": 1}"
riddles,1,"{""Riddles"": 1}"
roman_adm,1,"{""roman_adm"": 1}"
romawhite,1,"{""romawhite"": 1}"
rotating_caliper,1,"{""Rotating Caliper"": 1}"
satej_adm,1,"{""satej_adm"": 1}"
scanline_algorithm,1,"{""Scanline Algorithm"": 1}"
scc,1,"{""scc"": 1}"
sept20,1,"{""sept20"": 1}"
sgbtech96,1,"{""sgbtech96"": 1}"
shaanknight,1,"{""shaanknight"": 1}"
shift,1,"{""shift"": 1}"
shivamg_isc,1,"{""shivamg_isc"": 1}"
sidhant007,1,"{""sidhant007"": 1}"
smit_adm,1,"{""smit_adm"": 1}"
sperner_s_theorem,1,"{""Sperner's Theorem"": 1}"
sprague_grundy,1,"{""sprague-grundy"": 1}"
start13,1,"{""start13"": 1}"
start14,1,"{""start14"": 1}"
start3,1,"{""start3"": 1}"
start6,1,"{""start6"": 1}"
string_manipulation,1,"{""String-Manipulation"": 1}"
string_parsing,1,"{""String Parsing"": 1}"
subset_enumeration,1,"{""Subset Enumeration"": 1}"
suffix_array,1,"{""Suffix Array"": 1}"
suffixarrays,1,"{""SuffixArrays"": 1}"
suryaprak_adm,1,"{""suryaprak_adm"": 1}"
tanmay28,1,"{""tanmay28"": 1}"
theoneyouwant,1,"{""theoneyouwant"": 1}"
topsort,1,"{""topsort"": 1}"
treap,1,"{""Treap"": 1}"
tree_ds,1,"{""tree ds"": 1}"
utkarsh_25dec,1,"{""utkarsh_25dec"": 1}"
vamsi_adm,1,"{""vamsi_adm"": 1}"
vertex_cover,1,"{""Vertex Cover"": 1}"
vichitr,1,"{""vichitr"": 1}"
vijju123,1,"{""vijju123"": 1}"
vinay_adm,1,"{""vinay_adm"": 1}"
vishal_nnd0,1,"{""vishal_nnd0"": 1}"
vladprog,1,"{""vladprog"": 1}"
williamson,1,"{""williamson"": 1}"
wwwwodddd,1,"{""wwwwodddd"": 1}"
yash5507,1,"{""yash5507"": 1}"
yjgarg,1,"{""yjgarg"": 1}"
zeckendorf_theorem,1,"{""zeckendorf Theorem"": 1}"
